,gene_ids,feature_types,mito,n_cells,highly_variable,means,dispersions,dispersions_norm
AURKAIP1,ENSG00000175756,Gene Expression,False,532,False,1.5868206557895126,0.5069553944845966,-0.2416702
MRPL20,ENSG00000242485,Gene Expression,False,514,True,1.4006447619656683,0.3999907823735202,0.12048153
RPL22,ENSG00000116251,Gene Expression,False,552,False,2.8849791494440815,0.43139136219001306,-1.4332871
PARK7,ENSG00000116288,Gene Expression,False,552,False,2.186054128424643,0.3329581700832868,-1.4593838
ENO1,ENSG00000074800,Gene Expression,False,545,True,2.2977975002654643,2.6746066974643745,1.1393569
DDOST,ENSG00000244038,Gene Expression,False,505,False,1.28125213577449,0.2699002484247154,-0.5394399
CDC42,ENSG00000070831,Gene Expression,False,546,False,2.0241731187250087,0.8293449968591244,-0.5924998
HNRNPR,ENSG00000125944,Gene Expression,False,542,False,1.7192318766230366,0.38093273970270947,-0.9750437
RPL11,ENSG00000142676,Gene Expression,False,552,False,4.104451755019529,1.4207945545981442,-0.86096466
SRRM1,ENSG00000133226,Gene Expression,False,517,False,1.4784782642783603,0.12534713054789884,-1.4713554
RSRP1,ENSG00000117616,Gene Expression,False,524,True,1.6446773488249218,0.6350900589739916,0.17122783
TMEM50A,ENSG00000183726,Gene Expression,False,517,False,1.486029439705883,0.40282138932712863,-0.5772291
SH3BGRL3,ENSG00000142669,Gene Expression,False,510,True,1.9158911312670384,1.8833806739935766,2.2398973
NUDC,ENSG00000090273,Gene Expression,False,510,True,1.4859107343024114,1.7956116258293193,3.9108644
WASF2,ENSG00000158195,Gene Expression,False,524,True,1.6068434859695366,0.6116223200526273,0.095605955
YTHDF2,ENSG00000198492,Gene Expression,False,502,False,1.193852227428857,0.12509642645356572,-1.2739986
PUM1,ENSG00000134644,Gene Expression,False,503,False,1.2755893513299144,0.2299211950232913,-0.7422451
PTP4A2,ENSG00000184007,Gene Expression,False,504,True,1.4468468609512288,0.5712419436749506,0.98920196
KHDRBS1,ENSG00000121774,Gene Expression,False,524,False,1.5338528991423555,0.22666092109199132,-1.1448843
EIF3I,ENSG00000084623,Gene Expression,False,521,False,1.4488140087841044,0.23847196880240198,-0.6988688
MARCKSL1,ENSG00000175130,Gene Expression,False,523,False,2.199508669014164,1.182062420426411,0.02348175
SFPQ,ENSG00000116560,Gene Expression,False,533,False,1.7976774677873766,0.7648539802663784,-0.15352829
PSMB2,ENSG00000126067,Gene Expression,False,503,False,1.2589835609961253,0.1721715945064712,-1.0351964
THRAP3,ENSG00000054118,Gene Expression,False,529,False,1.468060130189317,0.21505853244768697,-1.1822716
NDUFS5,ENSG00000168653,Gene Expression,False,539,False,1.606185392227426,0.20376859435376654,-1.218652
MACF1,ENSG00000127603,Gene Expression,False,522,True,1.8865791689977787,1.3124262178205859,1.0181679
YBX1,ENSG00000065978,Gene Expression,False,552,False,2.603629076128245,1.556373725587219,-0.056270856
ATP6V0B,ENSG00000117410,Gene Expression,False,516,True,1.5672074380761845,0.9917885208494247,1.3206444
RPS8,ENSG00000142937,Gene Expression,False,552,False,3.954997513489435,1.4529999839356729,-0.4952428
PRDX1,ENSG00000117450,Gene Expression,False,552,False,2.5910308381350666,1.2898508852499684,-0.36044466
NASP,ENSG00000132780,Gene Expression,False,512,True,1.4989901170280722,0.8057750632416831,0.72123903
UQCRH,ENSG00000173660,Gene Expression,False,543,False,1.8910804348347474,0.43298724651454873,-0.86365736
CMPK1,ENSG00000162368,Gene Expression,False,509,False,1.348441640351005,0.2298364003518069,-0.7426752
TMEM59,ENSG00000116209,Gene Expression,False,551,False,2.3290501722466117,1.383061879954654,-0.43322355
JUN,ENSG00000177606,Gene Expression,False,549,True,3.5681581394496895,3.3096258657861624,0.96514183
JAK1,ENSG00000162434,Gene Expression,False,510,True,1.4926009616282563,1.118670169236538,1.7295047
LEPROT,ENSG00000213625,Gene Expression,False,507,True,1.4920137801995046,0.6780250495949026,0.3095805
SERBP1,ENSG00000142864,Gene Expression,False,551,False,2.323550978855731,0.7548612248094919,-1.1981184
SRSF11,ENSG00000116754,Gene Expression,False,532,False,1.6791518076516343,0.43582028919134763,-0.47089425
GNG5,ENSG00000174021,Gene Expression,False,518,True,1.5896300553628264,0.8654909858866262,0.9136662
SELENOF,ENSG00000183291,Gene Expression,False,504,False,1.2453714671005278,0.18800699534826515,-0.9548668
RPL5,ENSG00000122406,Gene Expression,False,552,False,4.118103974343568,1.5720276316149837,-0.63445556
CNN3,ENSG00000117519,Gene Expression,False,506,True,1.7257271527202191,1.1305329242042026,0.6289522
LAMTOR5,ENSG00000134248,Gene Expression,False,510,False,1.3437323153582008,0.2338543105068659,-0.7222932
ATP5PB,ENSG00000116459,Gene Expression,False,515,False,1.3604756255021146,0.24018480943195264,-0.69017994
RHOC,ENSG00000155366,Gene Expression,False,513,True,1.6253876671671674,0.9784976320152678,1.277816
CSDE1,ENSG00000009307,Gene Expression,False,542,False,1.8138521989602396,0.3069459200750359,-1.1333609
ATP1A1,ENSG00000163399,Gene Expression,False,542,True,1.9451005587047723,1.104102630442864,0.57239664
RBM8A,ENSG00000265241,Gene Expression,False,540,False,1.8191589419483136,0.4264919143357536,-0.8775561
MCL1,ENSG00000143384,Gene Expression,False,544,False,2.395920877268627,1.5299905447287465,-0.25432372
PSMB4,ENSG00000159377,Gene Expression,False,524,False,1.4510182277506571,0.3037704495448669,-0.36762363
S100A10,ENSG00000197747,Gene Expression,False,538,True,2.838940593421081,2.8217524086602905,0.99760914
S100A11,ENSG00000163191,Gene Expression,False,552,True,3.3125374499229427,2.7702892790470903,1.0901815
S100A6,ENSG00000197956,Gene Expression,False,543,True,3.25126674079528,3.6928396260273715,1.7969823
ILF2,ENSG00000143621,Gene Expression,False,523,False,1.5545565366042207,0.3420891937065294,-0.7729311
JTB,ENSG00000143543,Gene Expression,False,510,True,1.4741258058134132,0.607364462496872,0.08188554
RPS27,ENSG00000177954,Gene Expression,False,552,False,3.4587164397213788,0.9906745699490144,-0.75099915
TPM3,ENSG00000143549,Gene Expression,False,522,True,1.7362154611183123,1.5903775058461147,1.6129285
SSR2,ENSG00000163479,Gene Expression,False,540,False,1.9765733881049057,0.6330421335576346,-0.9353208
LMNA,ENSG00000160789,Gene Expression,False,541,True,2.7275918061526006,2.146316672196595,0.6170117
CCT3,ENSG00000163468,Gene Expression,False,513,True,1.431911888509146,0.5132111991054638,0.69482446
TAGLN2,ENSG00000158710,Gene Expression,False,548,False,2.2648978381886957,1.2209338854784064,-0.63063
MGST3,ENSG00000143198,Gene Expression,False,522,True,1.6083465489179474,0.710436450155577,0.4140222
MPC2,ENSG00000143158,Gene Expression,False,505,True,1.3545319365193593,0.6368963685209742,1.3222529
PRRC2C,ENSG00000117523,Gene Expression,False,544,False,1.848876389867839,0.7751352323615545,-0.13152845
PRDX6,ENSG00000117592,Gene Expression,False,534,True,1.7232256201598335,0.9997692545413315,0.34914386
GAS5,ENSG00000234741,Gene Expression,False,541,False,2.302405169723154,1.112711777555971,-0.76240087
GLUL,ENSG00000135821,Gene Expression,False,500,True,2.022727928893223,2.514261733922863,2.3500187
ARPC5,ENSG00000162704,Gene Expression,False,531,True,1.7048017850404287,0.9590158585226669,1.2150385
TPR,ENSG00000047410,Gene Expression,False,518,False,1.4032620263208901,0.3537468658640018,-0.11410396
BTG2,ENSG00000159388,Gene Expression,False,546,True,2.9381405735732704,2.391302021564832,0.5598593
NUCKS1,ENSG00000069275,Gene Expression,False,552,False,2.2198782919697244,1.109169065173554,-0.10381834
ATF3,ENSG00000162772,Gene Expression,False,522,True,2.488391090064592,2.045541772260033,0.37340963
SRP9,ENSG00000143742,Gene Expression,False,513,True,1.453770498699009,0.6022244481520256,1.1463696
H3F3A,ENSG00000163041,Gene Expression,False,552,False,3.5901611442168884,1.3613671495478479,-0.6726674
ARF1,ENSG00000143761,Gene Expression,False,545,False,1.825415073457197,0.40749073119480894,-0.91821486
GUK1,ENSG00000143774,Gene Expression,False,543,False,1.9936118191131649,1.1740454552392205,0.009481018
IRF2BP2,ENSG00000168264,Gene Expression,False,520,True,1.8276932379134243,1.0048815384189667,0.36008313
TOMM20,ENSG00000173726,Gene Expression,False,550,False,2.232023231115094,0.1974673579630918,-1.6960034
ARID4B,ENSG00000054267,Gene Expression,False,500,True,1.4200479371179324,0.6475012011143099,1.3760489
HNRNPU,ENSG00000153187,Gene Expression,False,548,True,2.2032715960716778,1.31412793611816,0.2541194
RPS7,ENSG00000171863,Gene Expression,False,552,False,3.919075547374866,1.3291948544191847,-0.6167909
ID2,ENSG00000115738,Gene Expression,False,503,True,1.9020614228336485,1.9587631002975732,2.4012008
YWHAQ,ENSG00000134308,Gene Expression,False,537,False,1.7280027938488784,0.4718727510693257,-0.7804501
PDIA6,ENSG00000143870,Gene Expression,False,539,True,1.7395226152387266,0.9268001196193315,0.19300435
LAPTM4A,ENSG00000068697,Gene Expression,False,550,False,2.2625497097961826,0.9249639009505031,-0.991002
RHOB,ENSG00000143878,Gene Expression,False,509,True,2.1235588108880123,2.2298125986206507,1.8532603
SF3B6,ENSG00000115128,Gene Expression,False,527,False,1.5972104030122911,0.35006605230907795,-0.74722666
OST4,ENSG00000228474,Gene Expression,False,513,True,1.3764452307773287,0.38889834250956046,0.06421196
PPP1CB,ENSG00000213639,Gene Expression,False,544,False,1.8043933783150163,0.7097106070643076,-0.2715242
SRSF7,ENSG00000115875,Gene Expression,False,541,True,1.9528796010617049,1.3780007910186578,1.1584845
ZFP36L2,ENSG00000152518,Gene Expression,False,518,True,2.361629355861978,2.836145139308257,1.3360455
CALM2,ENSG00000143933,Gene Expression,False,552,False,2.995379709022917,1.5711356740321931,-0.2742153
RTN4,ENSG00000115310,Gene Expression,False,547,False,2.1846922669086366,0.7740711313850461,-0.6890294
RPS27A,ENSG00000143947,Gene Expression,False,552,False,3.9884016872344197,1.2123162359377222,-0.7315388
UGP2,ENSG00000169764,Gene Expression,False,501,True,1.4504642244927364,0.5232296102721101,0.7456457
PCBP1,ENSG00000169564,Gene Expression,False,540,False,1.6897318211948007,0.28433309996452405,-0.9590429
TMSB10,ENSG00000034510,Gene Expression,False,552,True,3.291612817513869,2.611071206938913,0.9254553
TGOLN2,ENSG00000152291,Gene Expression,False,504,False,1.2669965364502784,0.37062520677980554,-0.028483748
COX5B,ENSG00000135940,Gene Expression,False,527,False,1.5021655745637756,0.3162385409740992,-0.8562316
RPL31,ENSG00000071082,Gene Expression,False,549,False,1.9826384754140223,0.5516944054352689,-1.0773854
ACTR3,ENSG00000115091,Gene Expression,False,515,True,1.5336324042775495,0.7413168936718031,0.5135306
DBI,ENSG00000155368,Gene Expression,False,531,True,1.8631958444199819,1.2924387263730432,0.97539854
MZT2B,ENSG00000152082,Gene Expression,False,531,False,1.5517218526793828,0.4687646424821053,-0.36473516
UBXN4,ENSG00000144224,Gene Expression,False,542,False,1.8778614102211366,0.3183023071422032,-1.1090604
PRPF40A,ENSG00000196504,Gene Expression,False,524,False,1.54852865183949,0.3298520728921071,-0.8123637
PPIG,ENSG00000138398,Gene Expression,False,526,False,1.4760937834374925,0.2764707772593307,-0.9843783
SSB,ENSG00000138385,Gene Expression,False,524,True,1.500855331298714,0.7055501983372805,0.39827687
ATP5MC3,ENSG00000154518,Gene Expression,False,541,False,1.985428613187119,0.8563635050255818,-0.54531497
HNRNPA3,ENSG00000170144,Gene Expression,False,550,False,2.047136958854077,0.6922233824433448,-0.83196735
NFE2L2,ENSG00000116044,Gene Expression,False,522,True,1.6899772594737543,0.7686997948920995,0.6017686
ZC3H15,ENSG00000065548,Gene Expression,False,529,False,1.5427655007023033,0.2332789553732593,-1.1235585
SF3B1,ENSG00000115524,Gene Expression,False,540,False,1.5774980302455548,0.14579219141685534,-1.4054738
HSPD1,ENSG00000144381,Gene Expression,False,545,True,2.1350704030399297,2.2756054465687985,1.9332323
HSPE1,ENSG00000115541,Gene Expression,False,542,True,1.9062568152798194,2.15015067094258,2.8107321
BZW1,ENSG00000082153,Gene Expression,False,532,True,1.8608419002057774,1.3840120935507103,1.1713474
SUMO1,ENSG00000116030,Gene Expression,False,530,False,1.410076330902887,0.07645550460807074,-1.5207436
EEF1B2,ENSG00000114942,Gene Expression,False,552,False,3.215957363421532,1.1739433067634197,-0.6563305
XRCC5,ENSG00000079246,Gene Expression,False,552,False,1.945070725671006,0.28797181369230435,-1.1739616
RPL37A,ENSG00000197756,Gene Expression,False,552,False,3.2140821553359884,0.8902393808067847,-0.93264776
ARPC2,ENSG00000163466,Gene Expression,False,544,True,2.22285304651196,1.4352975773761263,0.46572864
NCL,ENSG00000115053,Gene Expression,False,552,True,2.6326251712792423,1.692089156717387,0.09861673
PTMA,ENSG00000187514,Gene Expression,False,552,True,4.19699840035715,2.4876798433373835,0.736961
LRRFIP1,ENSG00000124831,Gene Expression,False,517,True,1.7148531464834937,1.167130789898572,0.70726436
HDLBP,ENSG00000115677,Gene Expression,False,514,True,1.525510847513557,0.6893331223687107,0.34601936
SEPTIN2,ENSG00000168385,Gene Expression,False,513,False,1.4039834867069299,0.2574819213292475,-0.6024354
BRK1,ENSG00000254999,Gene Expression,False,537,False,1.636250330356032,0.3459709338884697,-0.76042265
VGLL4,ENSG00000144560,Gene Expression,False,511,True,1.63175753556061,1.1113681483624556,1.7059748
RPL32,ENSG00000144713,Gene Expression,False,552,False,3.783948701769578,1.1719404812918397,-0.8319095
RPL15,ENSG00000174748,Gene Expression,False,552,False,4.283593468135523,1.0857509519808692,-1.3627757
GOLGA4,ENSG00000144674,Gene Expression,False,521,False,1.7646544195578846,0.7703637556371288,-0.14173846
RPSA,ENSG00000168028,Gene Expression,False,552,False,3.497241715945235,1.1602076364124532,-0.57560104
EIF1B,ENSG00000114784,Gene Expression,False,511,False,1.3448549216984842,0.19974850695917262,-0.8953046
RPL14,ENSG00000188846,Gene Expression,False,552,False,3.856547702503087,1.3892910558285934,-0.5577903
CTNNB1,ENSG00000168036,Gene Expression,False,532,True,1.7113750373698893,0.7477017426563314,0.534105
TMA7,ENSG00000232112,Gene Expression,False,535,False,1.6044677677054189,0.37364146162683926,-0.6712578
RHOA,ENSG00000067560,Gene Expression,False,545,False,1.894188632208975,0.8341183274713556,-0.005316312
RPL29,ENSG00000162244,Gene Expression,False,552,False,3.8255886196122364,1.367665278381657,-0.5790218
SPCS1,ENSG00000114902,Gene Expression,False,534,True,1.653108991620056,0.7257297527414356,0.463303
SELENOK,ENSG00000113811,Gene Expression,False,522,True,1.5122531101448446,0.7125529861232426,0.4208425
ARF4,ENSG00000168374,Gene Expression,False,540,False,1.9076509576607075,0.70487261750289,-0.28187653
RPL24,ENSG00000114391,Gene Expression,False,552,False,3.5171699264803045,0.9250594698988546,-0.8188842
NFKBIZ,ENSG00000144802,Gene Expression,False,527,True,2.487541691808044,1.973094233116478,0.28519776
GOLGB1,ENSG00000173230,Gene Expression,False,531,False,1.7315924503136186,0.8360866380461489,-0.0011045175
RAB7A,ENSG00000075785,Gene Expression,False,500,True,1.270763043018076,0.4768345009022517,0.51029325
CNBP,ENSG00000169714,Gene Expression,False,544,False,1.7133235204556334,0.34495037512497756,-0.7637113
ATP1B3,ENSG00000069849,Gene Expression,False,525,True,2.239220580498822,2.097717995197031,0.4369392
TM4SF1,ENSG00000169908,Gene Expression,False,517,True,3.6890933407629545,3.2758908926652293,0.9367825
SERP1,ENSG00000120742,Gene Expression,False,551,False,2.203062023026644,0.8236315536547595,-0.60247767
MBNL1,ENSG00000152601,Gene Expression,False,501,True,1.485625436076928,0.7466596172049205,0.5307469
SSR3,ENSG00000114850,Gene Expression,False,510,True,1.4303827377613532,1.0292768156277048,3.3127148
CCNL1,ENSG00000163660,Gene Expression,False,547,True,2.0871730863221476,1.3082815653602322,0.24390937
SEC62,ENSG00000008952,Gene Expression,False,502,True,1.3492330995726656,0.585161846777571,1.0598147
AP2M1,ENSG00000161203,Gene Expression,False,515,False,1.3224994345971142,0.1180183560064521,-1.3099042
TRA2B,ENSG00000136527,Gene Expression,False,505,True,1.4492188455362363,0.7273327037325241,1.781017
EIF4A2,ENSG00000156976,Gene Expression,False,547,False,2.065118648018648,0.800601385973684,-0.6426973
RPL35A,ENSG00000182899,Gene Expression,False,552,False,3.0686017877423257,0.5931603337203254,-1.2219919
LRPAP1,ENSG00000163956,Gene Expression,False,518,True,1.423072002634021,0.4436553046868052,0.3419823
MRFAP1,ENSG00000179010,Gene Expression,False,526,False,1.6609153191498012,0.4625965156132701,-0.3846112
RPL9,ENSG00000163682,Gene Expression,False,552,False,4.223981616420256,1.5560296414815176,-0.65841657
OCIAD1,ENSG00000109180,Gene Expression,False,520,True,1.4296079997285633,0.48335771380760884,0.54338413
CCNI,ENSG00000118816,Gene Expression,False,552,False,2.5289067429943874,0.6556761394167684,-1.0842075
HNRNPD,ENSG00000138668,Gene Expression,False,537,False,1.6527533266006742,0.523711904578344,-0.18767445
HNRNPDL,ENSG00000152795,Gene Expression,False,544,False,1.8351291410916575,0.46969282485016534,-0.7851147
SEC31A,ENSG00000138674,Gene Expression,False,501,False,1.289433132855005,0.3252194230925997,-0.25881755
H2AFZ,ENSG00000164032,Gene Expression,False,547,True,2.4303413658039124,2.139071780490556,0.48729143
UBE2D3,ENSG00000109332,Gene Expression,False,542,False,1.7395522146640512,0.7143553473878199,-0.26158535
RPL34,ENSG00000109475,Gene Expression,False,552,False,3.4424652494022974,1.0062414124249872,-0.73489374
OSTC,ENSG00000198856,Gene Expression,False,516,True,1.4359929273594652,0.6415175964938974,1.3456954
SNHG8,ENSG00000269893,Gene Expression,False,517,True,1.6940928806957243,1.0017819365526128,1.3528469
C4orf3,ENSG00000164096,Gene Expression,False,507,True,1.3501380502454001,0.5202993115612664,0.73078096
ANXA5,ENSG00000164111,Gene Expression,False,549,False,2.2239138997390024,0.8651925246216717,-0.5298961
RPS3A,ENSG00000145425,Gene Expression,False,552,False,4.571967508095513,1.961238201268811,-0.480189
PDCD6,ENSG00000249915,Gene Expression,False,504,True,1.2797957227443864,0.4926264000009662,0.5904022
CCT5,ENSG00000150753,Gene Expression,False,506,True,1.488237695634052,0.8654958500315872,0.91368186
SUB1,ENSG00000113387,Gene Expression,False,549,True,2.089040131106533,1.5962857817008806,0.74687654
RPL37,ENSG00000145592,Gene Expression,False,552,False,3.3184143374027837,0.8260462619828015,-0.92132276
BTF3,ENSG00000145741,Gene Expression,False,552,False,3.1613341049542787,0.7318997263614888,-1.0868648
NSA2,ENSG00000164346,Gene Expression,False,521,False,1.4586549899691406,0.23917230370550313,-1.104568
TBCA,ENSG00000171530,Gene Expression,False,507,False,1.373933808686681,0.3603170574476091,-0.080774784
RPS23,ENSG00000186468,Gene Expression,False,552,False,3.8021441860732703,1.0150211670628675,-0.925237
COX7C,ENSG00000127184,Gene Expression,False,540,False,1.7997311746235312,0.33539788797827474,-1.0724792
CAST,ENSG00000153113,Gene Expression,False,530,True,1.7430342211128327,1.1613431882913916,0.69488007
REEP5,ENSG00000129625,Gene Expression,False,521,False,1.4820959715741207,0.5438634697533716,-0.122738525
HINT1,ENSG00000169567,Gene Expression,False,552,False,2.5832160802763986,0.6046479465817997,-1.1424444
IRF1,ENSG00000125347,Gene Expression,False,510,True,1.9914148026209704,2.2538063559856316,1.8951627
SKP1,ENSG00000113558,Gene Expression,False,552,False,2.417545490654779,0.4899264716253724,-1.520702
UBE2B,ENSG00000119048,Gene Expression,False,523,False,1.4612260148102403,0.23991713994192584,-1.1021678
DDX46,ENSG00000145833,Gene Expression,False,508,False,1.2973748739299005,0.16586795462164866,-1.0671735
H2AFY,ENSG00000113648,Gene Expression,False,520,False,1.4791645009498615,0.34807844753206724,-0.7536315
HNRNPA0,ENSG00000177733,Gene Expression,False,508,False,1.3143625074585126,0.17428423029851034,-1.0244795
EGR1,ENSG00000120738,Gene Expression,False,512,True,2.689098169994071,2.648580342825615,1.1902288
HSPA9,ENSG00000113013,Gene Expression,False,521,False,1.3886847423140187,0.16689922423386752,-1.061942
CTNNA1,ENSG00000044115,Gene Expression,False,510,True,1.408684030421576,0.5014815462662338,0.63532245
UBE2D2,ENSG00000131508,Gene Expression,False,516,False,1.3953579875295143,0.2516460497806258,-0.63203955
CSNK1A1,ENSG00000113712,Gene Expression,False,544,False,1.9302689369169916,0.61382074574842,-0.47670949
RPS14,ENSG00000164587,Gene Expression,False,552,False,4.005337775661936,1.1955560997142174,-0.74799335
NPM1,ENSG00000181163,Gene Expression,False,552,False,3.2798957412012544,1.4325596577761468,-0.293827
DUSP1,ENSG00000120129,Gene Expression,False,500,True,2.264455801074969,2.677443532827388,1.142811
ATP6V0E1,ENSG00000113732,Gene Expression,False,539,False,1.8646934138345537,0.70604321566808,-0.27937168
CLTB,ENSG00000175416,Gene Expression,False,506,True,1.3902797966385942,0.6935021081924638,1.6094016
PRELID1,ENSG00000169230,Gene Expression,False,522,True,1.8866521644670882,1.4776184787942253,1.3716465
LMAN2,ENSG00000169223,Gene Expression,False,507,True,1.3761123464618328,0.5288851025777913,0.7743348
HNRNPAB,ENSG00000197451,Gene Expression,False,522,True,1.6183525613404963,0.8845457917259748,0.975068
HNRNPH1,ENSG00000169045,Gene Expression,False,527,True,1.5683755888017386,0.6757063381919208,0.30210873
CANX,ENSG00000127022,Gene Expression,False,533,False,1.7705184986232434,0.8097640706291682,-0.057429597
SQSTM1,ENSG00000161011,Gene Expression,False,535,False,1.9826751733971737,1.18741885929037,0.032836173
RACK1,ENSG00000204628,Gene Expression,False,552,False,3.971421215912291,1.4558731579743116,-0.492422
TMEM14C,ENSG00000111843,Gene Expression,False,524,False,1.498280484284371,0.4177955948685452,-0.5289766
NOL7,ENSG00000225921,Gene Expression,False,502,True,1.309854065428776,0.43992536679450434,0.3230611
DEK,ENSG00000124795,Gene Expression,False,518,True,1.6489815076705356,1.2265543617241137,2.0771482
SOX4,ENSG00000124766,Gene Expression,False,529,True,2.5663544073136735,2.1933098891124003,0.67064357
HLA-A,ENSG00000206503,Gene Expression,False,552,True,3.2247237593380045,2.8309266910094895,0.95751065
HLA-E,ENSG00000204592,Gene Expression,False,546,True,2.550039201518193,2.917091778129686,1.4966722
TUBB,ENSG00000196230,Gene Expression,False,534,True,1.997966399799814,1.7863363014661593,1.0787785
IER3,ENSG00000137331,Gene Expression,False,539,True,2.924501067321425,3.017293224462804,1.1964658
HLA-C,ENSG00000204525,Gene Expression,False,551,True,3.138220149281408,2.5908455260742795,0.7236804
HLA-B,ENSG00000234745,Gene Expression,False,548,True,3.1245044012122984,3.165798905414754,1.283664
CLIC1,ENSG00000213719,Gene Expression,False,544,True,2.612204302458047,1.6668954468495842,0.06986397
HSPA1A,ENSG00000204389,Gene Expression,False,536,True,2.968696090586531,4.57356743149699,2.7791312
BRD2,ENSG00000204256,Gene Expression,False,530,True,1.7909071662973302,1.1322421381935754,0.6326096
RPS18,ENSG00000231500,Gene Expression,False,552,False,4.564956414395544,2.293236514550998,0.039607182
CUTA,ENSG00000112514,Gene Expression,False,532,False,1.731781186948501,0.30250843505404507,-1.1428561
RPS10,ENSG00000124614,Gene Expression,False,552,False,2.776158969759927,0.5782672151877927,-1.2839206
RPL10A,ENSG00000198755,Gene Expression,False,552,False,4.128263921777668,1.8007709949922899,-0.2918556
SRSF3,ENSG00000112081,Gene Expression,False,547,False,2.0710239655782288,1.1664607223888983,-0.003764869
CDKN1A,ENSG00000124762,Gene Expression,False,527,True,2.006512991760868,1.619234792049184,0.7869544
TOMM6,ENSG00000214736,Gene Expression,False,503,False,1.3662644807278959,0.2871882165124227,-0.45174173
HSP90AB1,ENSG00000096384,Gene Expression,False,552,False,3.6059708827901162,2.0322372990855957,-0.10869849
EEF1A1,ENSG00000156508,Gene Expression,False,552,False,4.940720498804075,2.000116234841328,-1.5065403
COX7A2,ENSG00000112695,Gene Expression,False,504,False,1.349470645626206,0.3571263372594413,-0.09696062
HMGN3,ENSG00000118418,Gene Expression,False,530,True,1.8344191202102025,1.9604277435685922,2.4047627
SYNCRIP,ENSG00000135316,Gene Expression,False,524,False,1.5868476364159465,0.4864637467428529,-0.307702
SNHG5,ENSG00000203875,Gene Expression,False,545,False,1.8810651265616793,0.4067415188962947,-0.91981804
PNRC1,ENSG00000146278,Gene Expression,False,550,False,2.6000627672610475,1.4099496346363432,-0.22337988
PNISR,ENSG00000132424,Gene Expression,False,519,False,1.5025225180589468,0.4959186685288246,-0.2772347
SNX3,ENSG00000112335,Gene Expression,False,505,True,1.3705640517597715,0.8196782685711128,2.2494662
CD164,ENSG00000135535,Gene Expression,False,524,True,1.5497226362868888,0.7668089161607915,0.59567547
AMD1,ENSG00000123505,Gene Expression,False,517,True,1.7628648936281586,1.011535913080544,0.37432218
MARCKS,ENSG00000277443,Gene Expression,False,542,False,2.479543548246694,1.397235375244939,-0.41596594
NCOA7,ENSG00000111912,Gene Expression,False,523,True,2.6569607130068977,2.4352920745586744,0.9468099
RPS12,ENSG00000112306,Gene Expression,False,552,False,3.9331152794590842,1.540596292474681,-0.40924343
BCLAF1,ENSG00000029363,Gene Expression,False,523,False,1.5700739771652976,0.5552277675828441,-0.08611849
PERP,ENSG00000112378,Gene Expression,False,500,False,2.8233269046052354,1.8632918158953689,0.022895157
HEBP2,ENSG00000051620,Gene Expression,False,507,True,1.56164215110547,0.7567740853449847,0.5633395
SF3B5,ENSG00000169976,Gene Expression,False,528,False,1.5500113570334948,0.3495320880080045,-0.74894726
DYNLT1,ENSG00000146425,Gene Expression,False,540,True,1.9384231953817634,1.539745540759398,1.5045861
EZR,ENSG00000092820,Gene Expression,False,530,True,2.262011314136533,2.601189737407516,1.0499647
SOD2,ENSG00000112096,Gene Expression,False,512,True,3.070620183002114,3.90200294522662,2.0006998
TCP1,ENSG00000120438,Gene Expression,False,509,True,1.382460583275147,0.5271354691720742,0.7654593
PSMB1,ENSG00000008018,Gene Expression,False,551,False,1.9568509100258924,0.5348243531904414,-0.6457461
ACTB,ENSG00000075624,Gene Expression,False,552,True,3.9893648273260807,2.4198647906677446,0.45399547
RAC1,ENSG00000136238,Gene Expression,False,550,False,2.3887296547050476,1.397437776139905,-0.4157195
KDELR2,ENSG00000136240,Gene Expression,False,509,True,1.4494158257572078,0.7310346056540583,1.799796
NDUFA4,ENSG00000189043,Gene Expression,False,548,False,2.0681493752054596,0.7595850969307901,-0.71432763
TOMM7,ENSG00000196683,Gene Expression,False,536,False,1.7834348120188706,0.2738148551043831,-1.2042547
CYCS,ENSG00000172115,Gene Expression,False,531,False,1.7317158714303438,0.8491112003069369,0.026765466
HNRNPA2B1,ENSG00000122566,Gene Expression,False,552,False,2.480110119084176,1.2021482751009218,-0.6535033
CBX3,ENSG00000122565,Gene Expression,False,510,False,1.3703488998790005,0.30671217899653486,-0.35270086
TAX1BP1,ENSG00000106052,Gene Expression,False,514,True,1.5292421852157494,0.9481694614969511,1.1800873
SEPTIN7,ENSG00000122545,Gene Expression,False,540,False,1.7659744026079651,0.8417981218186354,0.011116927
PSMA2,ENSG00000106588,Gene Expression,False,535,False,1.6231793351679291,0.32005572051667525,-0.8439312
MRPS24,ENSG00000062582,Gene Expression,False,513,False,1.4469669888791765,0.37150457922166497,-0.024022881
PPIA,ENSG00000196262,Gene Expression,False,552,False,3.0256216599700014,1.5150941871158177,-0.32406202
CCT6A,ENSG00000146731,Gene Expression,False,527,False,1.5488993964362336,0.4643570629612215,-0.37893805
CHCHD2,ENSG00000106153,Gene Expression,False,552,False,2.814336463138431,1.1915369685434918,-0.6602512
SBDS,ENSG00000126524,Gene Expression,False,529,False,1.6835129619386373,0.6004526923949906,0.059613217
GTF2I,ENSG00000263001,Gene Expression,False,509,True,1.4474923334660588,0.7126262414750645,1.7064142
MDH2,ENSG00000146701,Gene Expression,False,523,False,1.3666237066076103,0.11651771577800478,-1.3175167
SRI,ENSG00000075142,Gene Expression,False,508,True,1.701152997835128,1.8730630578859262,4.160442
AKAP9,ENSG00000127914,Gene Expression,False,520,True,1.6610770223223401,1.1139630719722298,1.7143366
BRI3,ENSG00000164713,Gene Expression,False,537,True,1.7894539634847428,1.0414658778175871,0.43836635
FIS1,ENSG00000214253,Gene Expression,False,511,True,1.447175735731787,0.6926037229773035,1.6048443
NAMPT,ENSG00000105835,Gene Expression,False,528,True,2.1951106960588533,1.8935363539227046,1.2659914
ARF5,ENSG00000004059,Gene Expression,False,507,False,1.2973859783200052,0.07320358468587307,-1.5372399
CALU,ENSG00000128595,Gene Expression,False,515,True,1.5969288770386578,0.8702298359141241,0.92893654
MTPN,ENSG00000105887,Gene Expression,False,539,True,1.6677019030487,0.6805273965467455,0.317644
SSBP1,ENSG00000106028,Gene Expression,False,530,False,1.5089796632255519,0.1984609401865746,-1.2357553
RHEB,ENSG00000106615,Gene Expression,False,519,False,1.5316024779426411,0.5596954325838026,-0.07172199
DNAJB6,ENSG00000105993,Gene Expression,False,530,True,1.709629562106625,0.9414536648504372,1.1584466
SARAF,ENSG00000133872,Gene Expression,False,537,True,1.7623642929589112,1.0059395481546545,0.36234707
CEBPD,ENSG00000221869,Gene Expression,False,535,True,3.0158223616251396,2.2686120952723816,0.40983683
RPS20,ENSG00000008988,Gene Expression,False,552,False,3.1954712195655377,0.7707571077168665,-1.0490191
RAB2A,ENSG00000104388,Gene Expression,False,533,False,1.5711782431647796,0.28560593044738103,-0.9549414
RPL7,ENSG00000147604,Gene Expression,False,552,False,3.962076395830234,1.5871777485089522,-0.3635112
UQCRB,ENSG00000156467,Gene Expression,False,543,False,1.7769342321485773,0.13379347347110634,-1.5038728
MTDH,ENSG00000147649,Gene Expression,False,540,True,1.8787961234971,1.0195412698975028,0.39145204
RPL30,ENSG00000156482,Gene Expression,False,552,False,3.6584912113266173,1.0645400502148366,-0.9221959
COX6C,ENSG00000164919,Gene Expression,False,516,False,1.4789986728738254,0.5006976523322946,-0.261835
PABPC1,ENSG00000070756,Gene Expression,False,551,False,2.8497680049344574,1.1115524620774901,-0.74159205
YWHAZ,ENSG00000164924,Gene Expression,False,549,False,2.163603224278764,0.8130153114838737,-0.62101775
ZNF706,ENSG00000120963,Gene Expression,False,519,True,1.4372379210053494,0.6292287433088114,1.2833567
EIF3E,ENSG00000104408,Gene Expression,False,551,False,2.441019530590402,0.695905668591768,-1.2699025
ENY2,ENSG00000120533,Gene Expression,False,503,False,1.2708121644171573,0.36889816645117746,-0.037244655
EIF3H,ENSG00000147677,Gene Expression,False,538,False,1.7709575287467758,0.10975212041495089,-1.5553164
EEF1D,ENSG00000104529,Gene Expression,False,552,False,2.8743327715659315,0.6545423991357373,-1.206352
VPS28,ENSG00000160948,Gene Expression,False,523,False,1.4900526687568112,0.44660584710067436,-0.43613914
RPL8,ENSG00000161016,Gene Expression,False,552,False,4.19892515537996,1.6054354089359526,-0.58441913
NFIB,ENSG00000147862,Gene Expression,False,506,True,2.580620873178388,2.352024729097066,0.8517796
RPS6,ENSG00000137154,Gene Expression,False,552,False,4.460375045541475,1.8001192734949107,-0.7324463
DNAJA1,ENSG00000086061,Gene Expression,False,551,True,2.505145005353618,2.3957575031803904,0.9016904
BAG1,ENSG00000107262,Gene Expression,False,508,True,1.5555948567628757,1.1466800441755691,1.8197631
CLTA,ENSG00000122705,Gene Expression,False,548,False,2.00528797316563,0.8169867994002699,-0.614082
ZFAND5,ENSG00000107372,Gene Expression,False,536,True,1.945751886293098,1.084377769532418,0.53018934
ANXA1,ENSG00000135046,Gene Expression,False,509,True,2.962904919529313,3.6950238227333463,1.8856893
HNRNPK,ENSG00000165119,Gene Expression,False,551,False,2.053087020902406,0.3985650777120148,-1.3448087
ANP32B,ENSG00000136938,Gene Expression,False,541,False,1.7793869761122698,0.8355207049970503,-0.0023155021
SEC61B,ENSG00000106803,Gene Expression,False,542,False,1.9112425705761111,0.8139724358971107,-0.04842453
TXN,ENSG00000136810,Gene Expression,False,545,True,2.2065134303295064,2.173457607013031,1.7548425
ATP6V1G1,ENSG00000136888,Gene Expression,False,550,False,2.1147436252239626,1.035693874867515,-0.23213454
RAB14,ENSG00000119396,Gene Expression,False,502,False,1.285500462454163,0.22903288244771836,-0.7467513
GSN,ENSG00000148180,Gene Expression,False,542,True,2.3761857988462296,2.423845372887147,0.83403075
STOM,ENSG00000148175,Gene Expression,False,514,True,1.819990520501646,1.642618997670917,1.724715
PSMB7,ENSG00000136930,Gene Expression,False,508,False,1.263494423415419,0.06502986034322318,-1.5787035
RPL35,ENSG00000136942,Gene Expression,False,551,False,2.6005470111262663,0.7053279544238987,-1.0275415
HSPA5,ENSG00000044574,Gene Expression,False,545,True,2.3154038962741623,2.828989857311006,1.3273332
RPL12,ENSG00000197958,Gene Expression,False,552,False,3.9379237104611606,1.6396124624002826,-0.3120324
C9orf16,ENSG00000171159,Gene Expression,False,517,False,1.5765316851749447,0.40018110011588637,-0.5857371
SET,ENSG00000119335,Gene Expression,False,550,False,2.1521229992237956,0.5502218113672318,-1.0799572
RPL7A,ENSG00000148303,Gene Expression,False,552,False,4.449445150266904,1.9008144924923085,-0.5747919
SNHG7,ENSG00000233016,Gene Expression,False,507,True,1.5973507515956424,1.0425899109729033,1.4843454
EDF1,ENSG00000107223,Gene Expression,False,549,False,2.18413293500076,0.3013159585552705,-1.5146434
TUBB4B,ENSG00000188229,Gene Expression,False,551,True,2.4815792706491706,2.488381866591244,0.9126102
NRARP,ENSG00000198435,Gene Expression,False,503,True,2.4139099012132794,2.5273703673006436,0.9600824
KLF6,ENSG00000067082,Gene Expression,False,542,True,3.160548379584322,2.6799669506167865,0.8104814
ATP5F1C,ENSG00000165629,Gene Expression,False,540,False,1.637476618134719,0.049638201111276065,-1.7153181
VIM,ENSG00000026025,Gene Expression,False,532,True,4.031282510007836,3.7682726544826823,1.7778211
KIF5B,ENSG00000170759,Gene Expression,False,547,False,1.9538849238989344,0.5368017670391025,-0.64151484
ITGB1,ENSG00000150093,Gene Expression,False,538,True,2.070425927884838,1.6478907125487092,0.83699876
HNRNPF,ENSG00000169813,Gene Expression,False,540,False,1.7581646186142965,0.620454344246392,-0.4625149
ARID5B,ENSG00000150347,Gene Expression,False,511,True,2.035568611016391,1.424196272416591,0.44634145
JMJD1C,ENSG00000171988,Gene Expression,False,507,True,1.5062627744804542,1.0203133800503639,1.4125621
DDX21,ENSG00000165732,Gene Expression,False,501,True,1.6053603834906622,1.3416793633165802,2.4481242
PPA1,ENSG00000180817,Gene Expression,False,541,False,2.273225459942748,1.0257352283281886,-0.8683032
PSAP,ENSG00000197746,Gene Expression,False,537,True,2.0181135671771706,2.090369188161509,1.6097379
ANAPC16,ENSG00000166295,Gene Expression,False,507,False,1.3592658002543765,0.2641429045790769,-0.56864566
VDAC2,ENSG00000165637,Gene Expression,False,538,False,1.6963953818197512,0.36569008176492585,-0.69688016
RPS24,ENSG00000138326,Gene Expression,False,552,False,3.945469267973411,1.1763960397380844,-0.7668041
PDLIM1,ENSG00000107438,Gene Expression,False,513,True,2.3267014144957905,2.63742561066274,1.0940853
TM9SF3,ENSG00000077147,Gene Expression,False,518,False,1.3589443400406893,0.37064159670437713,-0.028400606
NDUFB8,ENSG00000166136,Gene Expression,False,527,False,1.5486305991998952,0.4409684777633436,-0.45430484
EIF3A,ENSG00000107581,Gene Expression,False,540,False,1.857351590335835,0.6703748116895146,-0.355695
IFITM3,ENSG00000142089,Gene Expression,False,536,True,2.464398012508951,2.417088306232937,0.82580334
RNH1,ENSG00000023191,Gene Expression,False,537,False,1.5988475583370376,0.4159061468372612,-0.5350651
TALDO1,ENSG00000177156,Gene Expression,False,517,False,1.455228656996582,0.4241098895808068,-0.50862956
RPLP2,ENSG00000177600,Gene Expression,False,552,False,3.044699269644676,0.6651387930016477,-1.1518875
CD81,ENSG00000110651,Gene Expression,False,550,False,2.609713654229981,1.5711739752839102,-0.039379817
EIF3F,ENSG00000175390,Gene Expression,False,546,False,1.8058168832148618,0.2663558193307497,-1.2202156
RPL27A,ENSG00000166441,Gene Expression,False,552,False,3.502955723749789,0.9643897193966319,-0.7781933
EIF4G2,ENSG00000110321,Gene Expression,False,547,False,2.1418135201377493,0.7038134003248042,-0.8117267
C11orf58,ENSG00000110696,Gene Expression,False,538,False,1.5851520473243956,0.2626000156319839,-1.029075
RPS13,ENSG00000110700,Gene Expression,False,552,False,3.3422307943832625,0.7082428859686172,-1.0432016
NUCB2,ENSG00000070081,Gene Expression,False,517,True,2.1011557542740578,1.8967081777223835,1.2715306
LDHA,ENSG00000134333,Gene Expression,False,547,False,2.390223911529449,1.4760888714299387,-0.31995422
EIF3M,ENSG00000149100,Gene Expression,False,517,False,1.4549147576372936,0.04854098268913315,-1.7188537
CD59,ENSG00000085063,Gene Expression,False,547,True,2.955318247993194,2.024830048075574,0.18717273
MDK,ENSG00000110492,Gene Expression,False,511,True,2.1251432893116693,2.0081532139131637,1.466157
SELENOH,ENSG00000211450,Gene Expression,False,530,True,1.6775914328080601,0.7166812850983915,0.43414542
FTH1,ENSG00000167996,Gene Expression,False,552,True,4.564749014128048,3.8752107661194004,2.5164397
AHNAK,ENSG00000124942,Gene Expression,False,520,True,2.023321557557876,1.567410588531558,0.6964492
EEF1G,ENSG00000254772,Gene Expression,False,552,False,3.5964590764785975,1.1719996815408846,-0.8318597
UBXN1,ENSG00000162191,Gene Expression,False,539,False,1.6178109056726915,0.20003644942644125,-1.2306784
SLC3A2,ENSG00000168003,Gene Expression,False,530,True,1.9159735154301785,0.9874109295768295,0.3226995
PPP1R14B,ENSG00000173457,Gene Expression,False,509,True,1.613643397291976,0.9076051251409266,1.0493737
PRDX5,ENSG00000126432,Gene Expression,False,541,True,2.4120753937641255,3.7045144544922377,2.393369
SF1,ENSG00000168066,Gene Expression,False,521,False,1.4281039047653707,0.28984306141156335,-0.43827426
FAU,ENSG00000149806,Gene Expression,False,552,False,3.176625259820122,0.4405951399823302,-1.3705847
NEAT1,ENSG00000245532,Gene Expression,False,551,True,3.7253722534721567,3.2040220183022443,0.87636566
MALAT1,ENSG00000251562,Gene Expression,False,552,True,6.398835537807837,5.225477088802338,1.0
CFL1,ENSG00000172757,Gene Expression,False,552,False,2.9062146534327753,1.7422261363495601,-0.10022353
DRAP1,ENSG00000175550,Gene Expression,False,524,True,1.5140566497936931,0.7780776083417731,0.63198745
BANF1,ENSG00000175334,Gene Expression,False,516,False,1.4348957058464715,0.3748484946403867,-0.0070599136
RBM4,ENSG00000173933,Gene Expression,False,518,False,1.4275743146846873,0.2819272097129534,-0.4784297
GSTP1,ENSG00000084207,Gene Expression,False,551,True,3.4393916522075516,3.535876732035863,1.8822545
SPCS2,ENSG00000118363,Gene Expression,False,529,True,1.6422536222516686,0.9718378957206184,1.2563559
RPS3,ENSG00000149273,Gene Expression,False,552,False,4.293843129640172,1.7179518083351943,-0.4158979
NDUFC2,ENSG00000151366,Gene Expression,False,528,False,1.610574901360875,0.5108078697397114,-0.2292561
TMEM123,ENSG00000152558,Gene Expression,False,540,True,1.6834235500870958,0.7343419045000568,0.49105456
REXO2,ENSG00000076043,Gene Expression,False,508,False,1.4744460205717589,0.4507712288325124,-0.4227167
ATP5MG,ENSG00000167283,Gene Expression,False,539,False,1.6573930700090316,0.4175339219272168,-0.5298198
RPS25,ENSG00000118181,Gene Expression,False,552,False,3.0395617772632813,0.6531302411482244,-1.1635834
HSPA8,ENSG00000109971,Gene Expression,False,549,True,2.445330443067155,2.56800688783762,1.0095613
APLP2,ENSG00000084234,Gene Expression,False,543,True,2.181274116887867,1.4175994314983213,0.4348208
CD9,ENSG00000010278,Gene Expression,False,540,True,2.974756286292801,2.2651960614379285,0.43161482
MRPL51,ENSG00000111639,Gene Expression,False,511,True,1.3819203706383951,0.3896727594812795,0.06814041
GAPDH,ENSG00000111640,Gene Expression,False,552,True,3.5227837769785344,1.849695807923568,0.13774002
PTMS,ENSG00000159335,Gene Expression,False,535,True,2.033568271110901,1.208250636455174,0.06921654
TPI1,ENSG00000111669,Gene Expression,False,543,False,2.0142234396361958,1.068860357683603,-0.17421299
C12orf57,ENSG00000111678,Gene Expression,False,514,False,1.4869723740781233,0.5587794085161595,-0.074673764
PHB2,ENSG00000215021,Gene Expression,False,501,False,1.3590749663588464,0.1660454618943338,-1.066273
YBX3,ENSG00000060138,Gene Expression,False,549,False,2.8710533106745495,1.3910332959405767,-0.45737183
LDHB,ENSG00000111716,Gene Expression,False,534,False,1.845597729702078,0.8229903008038193,-0.029128084
SINHCAF,ENSG00000139146,Gene Expression,False,515,False,1.5087958971147486,0.48219734136977876,-0.32144997
SCAF11,ENSG00000139218,Gene Expression,False,521,False,1.4462324991150748,0.2791073447747162,-0.49273425
SLC38A2,ENSG00000134294,Gene Expression,False,527,True,1.790118058442247,1.143847196487489,0.6574421
TUBA1B,ENSG00000123416,Gene Expression,False,550,True,2.6315904207283154,2.753276290403645,1.3097149
TUBA1A,ENSG00000167552,Gene Expression,False,510,True,2.4243701422888826,2.1430189352911517,0.49209747
TUBA1C,ENSG00000167553,Gene Expression,False,513,True,1.9329806192878358,1.629369295128114,1.6963632
TMBIM6,ENSG00000139644,Gene Expression,False,548,False,2.1805652329541085,1.0399665791882322,-0.22467275
NR4A1,ENSG00000123358,Gene Expression,False,508,True,2.1741703959583987,1.7991114674269677,1.1010889
KRT18,ENSG00000111057,Gene Expression,False,504,True,3.049955969129104,2.745638076090454,0.8744427
EIF4B,ENSG00000063046,Gene Expression,False,544,False,1.8538633017082675,0.39369929262574294,-0.9477258
PFDN5,ENSG00000123349,Gene Expression,False,552,False,2.650484374111091,0.7123405531537282,-1.0195383
PCBP2,ENSG00000197111,Gene Expression,False,550,False,1.88740527345616,0.25204440587717997,-1.2508392
ATP5MC2,ENSG00000135390,Gene Expression,False,547,False,2.141520491001514,0.6984373949535779,-0.82111526
HNRNPA1,ENSG00000135486,Gene Expression,False,552,False,2.7639320418248867,0.9678204549510498,-0.8877614
CD63,ENSG00000135404,Gene Expression,False,552,True,3.2021622909876446,2.0507225253240553,0.19762036
RPS26,ENSG00000197728,Gene Expression,False,531,False,1.583606981739545,0.5553037892156852,-0.085873514
RPL41,ENSG00000229117,Gene Expression,False,552,False,3.8427682994059875,1.2169174192649552,-0.72702146
MYL6,ENSG00000092841,Gene Expression,False,552,False,3.4828355938676627,1.6452349286981127,-0.07379421
CNPY2,ENSG00000257727,Gene Expression,False,515,False,1.4531223929361294,0.33853981984927173,-0.19124605
ATP5F1B,ENSG00000110955,Gene Expression,False,538,False,1.8229054084662761,0.3902724556477584,-0.9550586
PTGES3,ENSG00000110958,Gene Expression,False,545,True,1.9488475221205086,1.341588772787897,1.0805699
NACA,ENSG00000196531,Gene Expression,False,552,False,3.8095318853125515,1.1652390017659795,-0.77775776
TMBIM4,ENSG00000155957,Gene Expression,False,510,True,1.5273848110744985,0.9666378855664691,1.2395995
RAP1B,ENSG00000127314,Gene Expression,False,511,False,1.4857120874308574,0.5609723169285316,-0.06760739
CCT2,ENSG00000166226,Gene Expression,False,517,False,1.51220906035397,0.5774114505952105,-0.014634322
NAP1L1,ENSG00000187109,Gene Expression,False,550,False,2.160973906759612,0.8119313659570195,-0.62291074
BTG1,ENSG00000133639,Gene Expression,False,550,True,3.0704765446810574,2.0027692276409637,0.15091561
SLC25A3,ENSG00000075415,Gene Expression,False,552,False,2.210498500381778,0.674862025389015,-0.862287
HSP90B1,ENSG00000166598,Gene Expression,False,549,True,2.328574767038322,2.6764122840091837,1.1415553
ARPC3,ENSG00000111229,Gene Expression,False,547,True,2.234145067469033,1.5120740473455092,0.5998101
VPS29,ENSG00000111237,Gene Expression,False,500,False,1.2457274943412997,0.16365713253461564,-1.0783885
ERP29,ENSG00000089248,Gene Expression,False,535,False,1.7125529541456432,0.5256867788658225,-0.18131065
RPL6,ENSG00000089009,Gene Expression,False,552,False,3.9295123005431476,1.3801422049391814,-0.56677234
PEBP1,ENSG00000089220,Gene Expression,False,548,False,2.327449990988897,0.6555816236896461,-1.319001
RPLP0,ENSG00000089157,Gene Expression,False,552,False,4.063089363704846,1.9510604526827098,-0.0667598
COX6A1,ENSG00000111775,Gene Expression,False,533,False,1.65327611924554,0.496173209094825,-0.27641445
SRSF9,ENSG00000111786,Gene Expression,False,548,False,1.8720886054681152,0.2908907518876599,-1.1677157
DYNLL1,ENSG00000088986,Gene Expression,False,551,True,2.5893503059394662,2.9297929804463827,1.5111676
CLIP1,ENSG00000130779,Gene Expression,False,504,True,1.4960245739052611,0.7099786732863315,0.41254708
RSRC2,ENSG00000111011,Gene Expression,False,505,True,1.379427575702075,0.5731278114888555,0.99876857
ARL6IP4,ENSG00000182196,Gene Expression,False,547,False,1.777393874145026,0.2971448480100268,-1.1543332
CDK2AP1,ENSG00000111328,Gene Expression,False,518,True,1.5897809283072921,0.8659163273611058,0.9150368
UBC,ENSG00000150991,Gene Expression,False,552,True,3.800180756195502,2.149302219336497,0.18836541
RAN,ENSG00000132341,Gene Expression,False,545,True,2.12994165141249,1.3614898646205726,0.33683172
SAP18,ENSG00000150459,Gene Expression,False,547,False,1.9538624128991082,0.6387868792334123,-0.4232869
RPL21,ENSG00000122026,Gene Expression,False,552,False,3.5642539872965706,0.9573363878317834,-1.012317
POLR1D,ENSG00000186184,Gene Expression,False,509,False,1.323609167254051,0.21433965433272403,-0.82128686
POMP,ENSG00000132963,Gene Expression,False,530,True,1.7128063970774794,1.2756851513589964,2.235466
HMGB1,ENSG00000189403,Gene Expression,False,552,True,2.8842649231264823,2.0078156992616654,0.16986986
N4BP2L2,ENSG00000244754,Gene Expression,False,507,True,1.376699603180246,0.3915706454766937,0.077767976
TSC22D1,ENSG00000102804,Gene Expression,False,530,True,2.412722468069825,1.9291923795779056,0.23174301
TPT1,ENSG00000133112,Gene Expression,False,552,True,4.883507067424723,2.885674009703286,0.8653597
ITM2B,ENSG00000136156,Gene Expression,False,551,False,3.2201227255892912,1.5743341218439935,-0.2663645
ARGLU1,ENSG00000134884,Gene Expression,False,534,True,1.7054178532797708,0.7330212492746053,0.48679894
LAMP1,ENSG00000185896,Gene Expression,False,500,True,1.2891700589078683,0.4187116979065849,0.21544872
APEX1,ENSG00000100823,Gene Expression,False,519,False,1.4502330914681456,0.17275871125021294,-1.0322181
HNRNPC,ENSG00000092199,Gene Expression,False,552,False,2.097952547667943,0.5049284633357674,-1.159057
DAD1,ENSG00000129562,Gene Expression,False,540,False,1.7565019606975298,0.5700615371081471,-0.5703455
PSMB5,ENSG00000100804,Gene Expression,False,512,True,1.3749632681852575,0.5169559245032292,0.71382064
NEDD8,ENSG00000129559,Gene Expression,False,519,False,1.4387512023533446,0.37257792182498395,-0.018578043
PSMA6,ENSG00000100902,Gene Expression,False,503,True,1.384441834284103,0.5133387569273344,0.6954715
NFKBIA,ENSG00000100906,Gene Expression,False,533,True,3.1005702018853727,3.6188401886497576,1.7249095
PNN,ENSG00000100941,Gene Expression,False,526,True,1.6904699436765498,0.6026724232475018,0.06676602
RPS29,ENSG00000213741,Gene Expression,False,552,False,3.0997897600237363,0.8880631856990099,-0.9347673
RPL36AL,ENSG00000165502,Gene Expression,False,542,False,1.9147071207992374,0.7240701300013501,-0.24079765
RTRAF,ENSG00000087302,Gene Expression,False,532,False,1.609539309651961,0.38987461336738827,-0.6189485
LGALS3,ENSG00000131981,Gene Expression,False,538,True,2.897611137979541,3.3147291182772807,1.4989456
KTN1,ENSG00000126777,Gene Expression,False,536,True,1.7549859473756608,1.0902648890117976,0.5427866
PSMA3,ENSG00000100567,Gene Expression,False,504,True,1.353212154050296,0.5174112396297992,0.7161304
ZFP36L1,ENSG00000185650,Gene Expression,False,546,True,3.0654641559886797,2.328559728692,0.46822363
ERH,ENSG00000100632,Gene Expression,False,543,False,1.8162265299196603,0.4773669167745253,-0.7686936
SRSF5,ENSG00000100650,Gene Expression,False,546,False,2.0333250360587174,0.5407658130475521,-1.0964711
RBM25,ENSG00000119707,Gene Expression,False,514,False,1.5524238394941048,0.43531283322612785,-0.47252947
NPC2,ENSG00000119655,Gene Expression,False,530,True,1.94498504232858,1.7847243810408902,2.0287924
TMED10,ENSG00000170348,Gene Expression,False,534,False,1.5556578054538464,0.38241719256580686,-0.6429791
FOS,ENSG00000170345,Gene Expression,False,534,True,3.7782472757697154,3.7845905626872773,1.3644223
CALM1,ENSG00000198668,Gene Expression,False,552,True,3.0232160643684747,3.1931302762742226,1.3102837
DDX24,ENSG00000089737,Gene Expression,False,521,False,1.421893197867263,0.3324086885886199,-0.22234796
PAPOLA,ENSG00000090060,Gene Expression,False,505,True,1.3518011773174092,0.6067904782694665,1.1695321
YY1,ENSG00000100811,Gene Expression,False,506,False,1.3615023777273891,0.1658814302054711,-1.067105
DYNC1H1,ENSG00000197102,Gene Expression,False,515,True,1.4532249994614979,0.4155917277647634,0.19962178
HSP90AA1,ENSG00000080824,Gene Expression,False,552,True,4.041072706057394,4.24973909338181,2.25051
EIF5,ENSG00000100664,Gene Expression,False,541,False,1.979537578624721,0.745856760892585,-0.73830265
SRP14,ENSG00000140319,Gene Expression,False,552,False,2.9347078049524904,1.0055011091617734,-0.84944177
RTF1,ENSG00000137815,Gene Expression,False,502,False,1.3996844899638556,0.29157675981273656,-0.4294796
PDIA3,ENSG00000167004,Gene Expression,False,540,False,2.0019921875937925,0.8885058041083397,-0.48918205
SERF2,ENSG00000140264,Gene Expression,False,551,False,2.723492279517815,1.0295281515778858,-0.65754247
B2M,ENSG00000166710,Gene Expression,False,552,True,4.622309499250675,3.8972593081677953,1.3009666
DUT,ENSG00000128951,Gene Expression,False,525,True,1.842989154695691,1.833667353012238,2.1335206
EID1,ENSG00000255302,Gene Expression,False,549,False,2.4757497459299413,1.0054151576618755,-0.8930448
RSL24D1,ENSG00000137876,Gene Expression,False,529,False,1.6370874732126948,0.2746685043532578,-0.99018586
GTF2A2,ENSG00000140307,Gene Expression,False,520,False,1.378792649492479,0.2537859157393272,-0.62118447
ANXA2,ENSG00000182718,Gene Expression,False,551,True,3.443269340845853,2.5131755346810727,0.82417285
RPS27L,ENSG00000185088,Gene Expression,False,500,True,1.6232012777604736,1.0103706052737689,1.3805227
PPIB,ENSG00000166794,Gene Expression,False,551,True,2.5470626451357874,1.7317708936657545,0.1439042
RAB11A,ENSG00000103769,Gene Expression,False,503,True,1.3697732169547168,0.4644040541221573,0.44723627
RPL4,ENSG00000174444,Gene Expression,False,552,False,3.227404135982366,1.0690780057331057,-0.75846547
RPLP1,ENSG00000137818,Gene Expression,False,552,False,4.613931868846353,1.9534574591357534,-1.1337817
PKM,ENSG00000067225,Gene Expression,False,545,False,2.0500271054223336,1.0884364787139804,-0.14002548
COX5A,ENSG00000178741,Gene Expression,False,538,False,1.692555442639844,0.43092609488638023,-0.4866652
RCN2,ENSG00000117906,Gene Expression,False,515,False,1.7526585496770606,0.8115736073446334,-0.05355755
PSMA4,ENSG00000041357,Gene Expression,False,525,False,1.473695288389144,0.4709226664462052,-0.3577812
MORF4L1,ENSG00000185787,Gene Expression,False,551,False,2.060040543697666,0.3978908265778031,-1.3459862
RPS17,ENSG00000182774,Gene Expression,False,552,False,3.195288548683212,1.1224281065078032,-0.7065044
SEC11A,ENSG00000140612,Gene Expression,False,534,False,1.7192022881750266,0.5924356897589665,-0.5224693
CIB1,ENSG00000185043,Gene Expression,False,520,True,2.0936944886427717,2.5246095952588585,2.3680902
IQGAP1,ENSG00000140575,Gene Expression,False,524,False,1.7008236717319547,0.5065587872221042,-0.24294823
LINC01578,ENSG00000272888,Gene Expression,False,533,False,1.7945921722371958,0.8356393971777853,-0.0020615242
SELENOS,ENSG00000131871,Gene Expression,False,519,False,1.5343196557106482,0.5544492256145311,-0.08862724
UBE2I,ENSG00000103275,Gene Expression,False,521,False,1.5348830739252717,0.22273521475101205,-1.1575345
NME3,ENSG00000103024,Gene Expression,False,505,False,1.3430542278408586,0.17737220765921918,-1.0088148
NDUFB10,ENSG00000140990,Gene Expression,False,535,False,1.6371309146175532,0.2219024767569225,-1.1602179
RPS2,ENSG00000140988,Gene Expression,False,552,True,4.980318232615413,2.8051065761955867,0.6495659
RNPS1,ENSG00000205937,Gene Expression,False,503,False,1.2902337140093918,0.18408282720871236,-0.9747733
ATP6V0C,ENSG00000185883,Gene Expression,False,541,False,1.8078071053172209,0.4667216494122918,-0.79147243
SRRM2,ENSG00000167978,Gene Expression,False,548,False,2.182182047101448,0.5351659169560283,-1.1062506
ELOB,ENSG00000103363,Gene Expression,False,518,False,1.4340746512451779,0.27357279562208925,-0.5208098
LITAF,ENSG00000189067,Gene Expression,False,544,False,2.4183167558710146,1.5736526123820718,-0.20116094
RSL1D1,ENSG00000171490,Gene Expression,False,515,False,1.6546278640933494,0.4502144380904055,-0.4245109
GSPT1,ENSG00000103342,Gene Expression,False,533,True,1.689610765197919,0.6259360501108052,0.14173017
RPS15A,ENSG00000134419,Gene Expression,False,552,False,3.5845450366719023,1.4864930456336467,-0.56747997
ARL6IP1,ENSG00000170540,Gene Expression,False,548,True,2.117814627968581,1.9067138353054232,1.2890044
UQCRC2,ENSG00000140740,Gene Expression,False,502,False,1.290026404098347,0.027377024250141813,-1.7697083
NDUFAB1,ENSG00000004779,Gene Expression,False,528,False,1.532690090256369,0.3388179694159488,-0.7834722
RBBP6,ENSG00000122257,Gene Expression,False,509,True,1.538954731011127,0.9524717554319014,1.1939509
TUFM,ENSG00000178952,Gene Expression,False,536,False,1.82022456652682,0.5210838067225069,-0.6751482
TMEM219,ENSG00000149932,Gene Expression,False,517,False,1.4029714989895226,0.30753860956276086,-0.34850854
FUS,ENSG00000089280,Gene Expression,False,548,False,2.284112925336788,1.0413522252593173,-0.849288
VPS35,ENSG00000069329,Gene Expression,False,506,True,1.3851219070138499,0.4815752590156876,0.5343421
CHD9,ENSG00000177200,Gene Expression,False,503,True,1.4480309014808788,0.6353212453563247,1.3142625
MT2A,ENSG00000125148,Gene Expression,False,537,True,3.661912298584444,4.379084359999243,1.8641852
HERPUD1,ENSG00000051108,Gene Expression,False,540,True,2.4918336151288143,2.4199455778943553,0.82928234
DYNC1LI2,ENSG00000135720,Gene Expression,False,508,True,1.427318508148734,0.5186858903125332,0.7225964
CIAO2B,ENSG00000166595,Gene Expression,False,513,False,1.3902004478499133,0.33391389884251405,-0.21471235
PSMD7,ENSG00000103035,Gene Expression,False,523,False,1.425351656245244,0.13077900283347427,-1.2451721
GABARAPL2,ENSG00000034713,Gene Expression,False,533,False,1.712062531872805,0.5756722005030837,-0.020238841
TERF2IP,ENSG00000166848,Gene Expression,False,519,False,1.4473946370421806,0.28885979815647883,-0.44326216
HSBP1,ENSG00000230989,Gene Expression,False,539,True,1.7307164068739989,0.9361868426146698,0.21309009
COX4I1,ENSG00000131143,Gene Expression,False,551,False,2.7444763554188083,0.8934566360327072,-0.81283647
MAP1LC3B,ENSG00000140941,Gene Expression,False,526,True,1.7933048327651455,1.5976225383259972,1.6284314
APRT,ENSG00000198931,Gene Expression,False,546,False,1.9795079887822808,0.33407897000050324,-1.4574265
ANKRD11,ENSG00000167522,Gene Expression,False,507,True,1.7001790462278668,0.9341141041352433,1.1347957
RPL13,ENSG00000167526,Gene Expression,False,552,False,5.264997071400988,3.2076710177621215,-0.4189553
YWHAE,ENSG00000108953,Gene Expression,False,548,False,1.9675251874315243,0.6009749935056117,-0.5041969
PSMB6,ENSG00000142507,Gene Expression,False,521,False,1.4897950149494272,0.41249193523047856,-0.546067
PFN1,ENSG00000108518,Gene Expression,False,549,True,2.6309543370923336,1.858364696905293,0.28838155
C1QBP,ENSG00000108561,Gene Expression,False,523,True,1.5661512316293225,0.6716844094619513,0.28914857
RNASEK,ENSG00000219200,Gene Expression,False,547,False,1.9105978165665802,0.832620480598748,-0.008521408
GABARAP,ENSG00000170296,Gene Expression,False,549,False,2.3289576237424363,1.306252203416969,-0.52674675
EIF5A,ENSG00000132507,Gene Expression,False,535,True,1.816731545957382,1.1271640336388609,0.62174344
EIF4A1,ENSG00000161960,Gene Expression,False,552,False,3.0026843121518207,1.537053998240525,-0.30887493
RPL26,ENSG00000161970,Gene Expression,False,552,False,3.794133808277443,1.1294122190961018,-0.86766094
UBB,ENSG00000170315,Gene Expression,False,552,True,3.2005809198258577,2.7777544595254113,0.90572286
SNHG29,ENSG00000175061,Gene Expression,False,550,False,2.926820473812109,1.3114509447444245,-0.53830373
WSB1,ENSG00000109046,Gene Expression,False,508,True,1.576459372646762,0.8388093589519594,0.827688
RPL23A,ENSG00000198242,Gene Expression,False,552,False,3.459195707009296,0.8143620065432844,-0.93341124
NUFIP2,ENSG00000108256,Gene Expression,False,515,True,1.443791939750036,0.5703495132868317,0.9846749
PSMB3,ENSG00000277791,Gene Expression,False,517,True,1.4269981181597895,0.5572119895906325,0.91803104
RPL23,ENSG00000125691,Gene Expression,False,552,False,3.1394991913480284,0.5830425466084097,-1.2318462
RPL19,ENSG00000108298,Gene Expression,False,552,False,4.099655748351958,1.3082936253869972,-1.0294628
EIF1,ENSG00000173812,Gene Expression,False,552,False,3.9510926962855386,1.8203708625900168,-0.13456933
STAT3,ENSG00000168610,Gene Expression,False,540,False,1.9868917852569548,1.1263027009476252,-0.07389636
RPL27,ENSG00000131469,Gene Expression,False,552,False,2.6416241997832786,0.4108554682409831,-1.3636134
NME2,ENSG00000243678,Gene Expression,False,552,False,2.873361680296362,1.0120067907773527,-0.8428258
VMP1,ENSG00000062716,Gene Expression,False,534,True,2.141865346543556,1.4484426213407624,0.48868498
PSMC5,ENSG00000087191,Gene Expression,False,506,False,1.332111063424334,0.21199919989874766,-0.8331595
DDX5,ENSG00000108654,Gene Expression,False,552,False,3.0731633340337314,1.3444682247584618,-0.49024546
PRKAR1A,ENSG00000108946,Gene Expression,False,516,True,1.4310775313735904,0.8177399302937601,2.2396336
RPL38,ENSG00000172809,Gene Expression,False,552,False,2.4713448002720777,0.3878719089899719,-1.6449633
SUMO2,ENSG00000188612,Gene Expression,False,551,False,2.5209881240889067,0.4720789470544858,-1.293741
H3F3B,ENSG00000132475,Gene Expression,False,552,True,4.169833018435379,2.342266520894868,0.51916844
SRSF2,ENSG00000161547,Gene Expression,False,545,False,1.8695357648379074,0.5399787176856983,-0.6347168
EIF4A3,ENSG00000141543,Gene Expression,False,508,True,1.4865171073753325,0.8785263421300036,0.955671
ACTG1,ENSG00000184009,Gene Expression,False,551,True,4.10698720903154,2.4938842371821193,0.7462536
P4HB,ENSG00000185624,Gene Expression,False,534,True,1.6772171068576118,0.7309630539376838,0.48016664
MYL12A,ENSG00000101608,Gene Expression,False,552,False,2.939558625441828,1.4383226722944924,-0.40928054
MYL12B,ENSG00000118680,Gene Expression,False,552,False,2.882014558826532,1.4425648344851205,-0.4049664
NDUFV2,ENSG00000178127,Gene Expression,False,534,True,1.8165989775369213,1.6242122601711217,1.6853281
ANKRD12,ENSG00000101745,Gene Expression,False,513,False,1.4550084997113786,0.5449570460000172,-0.11921461
VAPA,ENSG00000101558,Gene Expression,False,533,False,1.6253002630054452,0.5908058435856933,0.028527446
CHMP1B,ENSG00000255112,Gene Expression,False,511,True,1.7999573698476936,1.2172676240818048,0.8145473
ATP5F1A,ENSG00000152234,Gene Expression,False,530,False,1.5596926916637823,0.21546499402146133,-1.1809618
RPL17,ENSG00000265681,Gene Expression,False,552,False,4.069197912197981,1.6028438591026597,-0.58830065
LMAN1,ENSG00000074695,Gene Expression,False,526,True,1.5516321067416636,0.7705923022218534,0.607867
BSG,ENSG00000172270,Gene Expression,False,521,True,1.5840191574602565,0.6422058195427401,0.19415748
GPX4,ENSG00000167468,Gene Expression,False,551,False,2.62544816637418,1.3972330184105741,-0.23789294
ATP5F1D,ENSG00000099624,Gene Expression,False,548,False,1.9743608038368823,0.22165229507712889,-1.3158723
MIDN,ENSG00000167470,Gene Expression,False,536,False,2.2378828458949958,1.364872149927836,-0.4553713
CIRBP,ENSG00000099622,Gene Expression,False,549,False,2.4687976168677546,1.2971391849071658,-0.5378427
RPS15,ENSG00000115268,Gene Expression,False,552,False,3.6435393835413805,1.2367196084971928,-0.7774527
OAZ1,ENSG00000104904,Gene Expression,False,552,False,2.7012040990281765,1.5641113169413334,-0.047440197
TIMM13,ENSG00000099800,Gene Expression,False,502,False,1.3578227287684363,0.2898004931068559,-0.4384902
GADD45B,ENSG00000099860,Gene Expression,False,534,True,2.775435164182697,3.11217664543696,1.2929584
TLE5,ENSG00000104964,Gene Expression,False,531,False,1.7621909479430378,0.5476710667489015,-0.6182567
NFIC,ENSG00000141905,Gene Expression,False,526,False,1.570025612155452,0.3307649953736968,-0.8094219
EEF2,ENSG00000167658,Gene Expression,False,552,False,3.3368779410872818,1.7592451121353019,0.04416017
MAP2K2,ENSG00000126934,Gene Expression,False,521,False,1.4093208493568696,0.027833922596055934,-1.7673905
MYDGF,ENSG00000074842,Gene Expression,False,526,True,1.7050738973977597,1.0749478221233706,1.5886148
RPL36,ENSG00000130255,Gene Expression,False,552,False,3.228879713024716,1.3072580024878382,-0.5264869
NDUFA11,ENSG00000174886,Gene Expression,False,533,False,1.6126165788869924,0.24181821469899462,-1.0960418
ALKBH7,ENSG00000125652,Gene Expression,False,523,False,1.549810881935782,0.2848456374719528,-0.9573913
TRAPPC5,ENSG00000181029,Gene Expression,False,537,False,1.6809577466448635,0.19421581390021211,-1.2494347
RPS28,ENSG00000233927,Gene Expression,False,552,False,3.4018221070883485,1.0171841423134,-0.7235725
HNRNPM,ENSG00000099783,Gene Expression,False,527,False,1.540464100947226,0.4093650324461538,-0.55614305
UBL5,ENSG00000198258,Gene Expression,False,514,False,1.4319404143048604,0.2704848735457718,-0.5364742
EIF3G,ENSG00000130811,Gene Expression,False,544,False,1.926946628193589,0.4179662807932055,-0.8957992
WDR83OS,ENSG00000105583,Gene Expression,False,538,False,1.6436237004385579,0.34010934905353096,-0.7793109
TRIR,ENSG00000123144,Gene Expression,False,548,False,1.9659645141651896,0.33145039174651125,-1.0809261
JUNB,ENSG00000171223,Gene Expression,False,549,True,3.767772713510283,3.4786268090549366,1.107213
PRDX2,ENSG00000167815,Gene Expression,False,543,False,2.201766621215399,0.7054293970863088,-0.8089045
CALR,ENSG00000179218,Gene Expression,False,546,True,2.1809796421260117,1.359854175649064,0.33397517
RAD23A,ENSG00000179262,Gene Expression,False,507,False,1.3363155195736898,0.2198688708985179,-0.79323834
GADD45GIP1,ENSG00000179271,Gene Expression,False,528,False,1.5995442329192922,0.42427415970682614,-0.5081002
IER2,ENSG00000160888,Gene Expression,False,548,True,3.1119805759042145,2.9178907982034095,1.0422106
C19orf53,ENSG00000104979,Gene Expression,False,523,False,1.41156903088521,0.25827378407511953,-0.5984185
DNAJB1,ENSG00000132002,Gene Expression,False,531,True,2.6006544777767475,3.9918515014668317,2.7232602
NDUFB7,ENSG00000099795,Gene Expression,False,517,False,1.3684613564070731,0.1666325094809858,-1.063295
TPM4,ENSG00000167460,Gene Expression,False,544,True,3.152481109977183,2.047241046647816,0.19422954
PGLS,ENSG00000130313,Gene Expression,False,516,False,1.52523508749399,0.3168947727723638,-0.854117
RPL18A,ENSG00000105640,Gene Expression,False,552,False,4.3294806509559285,2.141937019710104,-0.19727625
JUND,ENSG00000130522,Gene Expression,False,552,True,3.5098608284820463,2.122370130772738,0.41984752
UBA52,ENSG00000221983,Gene Expression,False,552,False,3.1727908463405288,0.7497260774527694,-1.0695026
REX1BD,ENSG00000006015,Gene Expression,False,523,False,1.4523888505109628,0.1619621529564643,-1.0869868
COPE,ENSG00000105669,Gene Expression,False,539,False,1.784616353597946,0.5497441447637025,-0.61382073
NDUFA13,ENSG00000186010,Gene Expression,False,544,False,1.9106272003051863,0.26813447140344865,-1.2164097
UQCRFS1,ENSG00000169021,Gene Expression,False,509,False,1.3624287349014004,0.18775542710269294,-0.95614296
COX6B1,ENSG00000126267,Gene Expression,False,526,False,1.582614828379643,0.3350686710485152,-0.7955538
SPINT2,ENSG00000167642,Gene Expression,False,503,True,2.84841909531452,1.9006542513468714,0.060891178
PSMD8,ENSG00000099341,Gene Expression,False,548,False,1.843098493669482,0.23570152639240083,-1.2858098
EIF3K,ENSG00000178982,Gene Expression,False,550,False,2.3800047139467324,0.2813954473620578,-1.7746087
ACTN4,ENSG00000130402,Gene Expression,False,542,False,2.306980555295007,1.4794628320942214,-0.3158461
ZFP36,ENSG00000128016,Gene Expression,False,542,True,3.2375770985763834,3.0017396112268386,1.1238762
RPS16,ENSG00000105193,Gene Expression,False,552,False,3.704129616275858,0.8843455017180121,-1.073677
FBL,ENSG00000105202,Gene Expression,False,502,False,1.4493365769341617,0.3259614193276404,-0.25505358
SERTAD1,ENSG00000197019,Gene Expression,False,521,True,2.1413563037925334,1.3163167759338583,0.25794196
RPS19,ENSG00000105372,Gene Expression,False,552,True,4.219014685211353,2.775353281280823,1.1678234
RABAC1,ENSG00000105404,Gene Expression,False,539,False,1.838594291990298,0.5079012150099287,-0.7033563
ZNF428,ENSG00000131116,Gene Expression,False,507,True,1.3903304785728194,0.5061473678511355,0.65899116
FOSB,ENSG00000125740,Gene Expression,False,542,True,3.548269173577412,2.817944057647829,0.5518081
SNRPD2,ENSG00000125743,Gene Expression,False,510,False,1.4769985934068066,0.2681335897156668,-1.0112438
AP2S1,ENSG00000042753,Gene Expression,False,521,True,1.5598091620025647,0.9816644764088333,1.2880208
NOP53,ENSG00000105373,Gene Expression,False,547,False,2.5360846285407646,1.1888843574914054,-0.47567445
SELENOW,ENSG00000178980,Gene Expression,False,541,True,1.877081542644989,1.1513232840775482,0.67343944
KDELR1,ENSG00000105438,Gene Expression,False,537,False,1.6822749160983579,0.21487476224822097,-1.1828638
RPL18,ENSG00000063177,Gene Expression,False,552,True,4.437532506256395,2.47839827576084,0.32950738
PPP1R15A,ENSG00000087074,Gene Expression,False,544,True,2.623279947786341,1.9210143695558808,0.35988158
FTL,ENSG00000087086,Gene Expression,False,552,True,4.0334217606866805,4.568751114709187,2.5637064
SNRNP70,ENSG00000104852,Gene Expression,False,508,False,1.3911176097792883,0.3656815772525234,-0.05356172
RPL13A,ENSG00000142541,Gene Expression,False,552,False,4.811574740777488,2.7412361402181924,-0.1470336
RPS11,ENSG00000142534,Gene Expression,False,552,False,3.922958733645542,1.6370103782943441,-0.31458703
FCGRT,ENSG00000104870,Gene Expression,False,540,False,2.0338674757303288,0.7405608109363593,-0.74755144
PRMT1,ENSG00000126457,Gene Expression,False,528,False,1.7204527261473865,0.609027704897763,-0.48696566
ETFB,ENSG00000105379,Gene Expression,False,515,False,1.5013490445052362,0.5441960882296691,-0.1216667
MYADM,ENSG00000179820,Gene Expression,False,519,True,2.106396499348676,1.480131222069901,0.5440256
RPS9,ENSG00000170889,Gene Expression,False,552,False,4.512461747462168,2.03603808806257,-0.36307788
RPL28,ENSG00000108107,Gene Expression,False,552,False,4.020736892266138,1.320922885764722,-0.6249121
UBE2S,ENSG00000108106,Gene Expression,False,535,True,2.0480498522336017,1.5025380904746486,0.58315665
RPS5,ENSG00000083845,Gene Expression,False,552,False,3.969582294045638,1.8928783643027989,-0.06338368
CHMP2A,ENSG00000130724,Gene Expression,False,543,False,1.668429860598055,0.3953141193279417,-0.60142034
SNRPB,ENSG00000125835,Gene Expression,False,541,False,1.9695707888065548,0.7947300443599357,-0.08959944
DSTN,ENSG00000125868,Gene Expression,False,544,False,2.4042745773183976,0.8262534863846271,-1.1111915
RRBP1,ENSG00000125844,Gene Expression,False,503,True,1.40607661356053,0.8402989437539455,2.3540704
CST3,ENSG00000101439,Gene Expression,False,546,True,3.3394717802339735,3.9627435862692164,2.3238888
EIF2S2,ENSG00000125977,Gene Expression,False,504,True,1.355140566620077,0.46995562052531425,0.47539815
EIF6,ENSG00000242372,Gene Expression,False,514,True,1.4315120970434583,0.6992315752296356,1.638466
RBM39,ENSG00000131051,Gene Expression,False,543,False,1.8261059589939062,0.5180193425125719,-0.68170553
SCAND1,ENSG00000171222,Gene Expression,False,515,True,1.4054191667621005,0.5400561307186696,0.83100307
NORAD,ENSG00000260032,Gene Expression,False,532,True,1.6901426862819644,0.731529688268496,0.48199254
RPN2,ENSG00000118705,Gene Expression,False,510,False,1.3640154946569671,0.2835926384442578,-0.46998134
TOP1,ENSG00000198900,Gene Expression,False,537,True,1.8552434733210745,1.2372194670955068,0.85724026
YWHAB,ENSG00000166913,Gene Expression,False,550,False,2.226115255561466,0.8016936228868404,-0.6407898
ZFAS1,ENSG00000177410,Gene Expression,False,551,False,2.1599082098745814,0.6357327968711928,-0.9306218
CEBPB,ENSG00000172216,Gene Expression,False,543,False,2.3946981201782425,1.5373368287707467,-0.24537891
GNAS,ENSG00000087460,Gene Expression,False,552,True,3.1857046481463023,1.981268328058582,0.12997453
ATP5F1E,ENSG00000124172,Gene Expression,False,545,False,1.9663811732919272,0.8349396416076225,-0.0035588625
PSMA7,ENSG00000101182,Gene Expression,False,550,False,2.2144569406588728,1.0096615418499497,-0.2775971
RPS21,ENSG00000171858,Gene Expression,False,552,False,2.857281899285899,0.7121755790448459,-1.1477414
PPDPF,ENSG00000125534,Gene Expression,False,548,False,2.4340025325090213,1.1263865689292591,-0.7457505
ATP5PF,ENSG00000154723,Gene Expression,False,511,False,1.3990266992582123,0.3731269643610942,-0.015792867
APP,ENSG00000142192,Gene Expression,False,543,True,2.90298936947234,2.1295927059115654,0.29371193
CCT8,ENSG00000156261,Gene Expression,False,512,False,1.398608496276198,0.3004816740424262,-0.38430688
SOD1,ENSG00000142168,Gene Expression,False,544,True,1.8897127410883061,1.2151703299962742,0.8100595
SON,ENSG00000159140,Gene Expression,False,543,False,1.691472003650592,0.2448673011992249,-1.0862166
ATP5PO,ENSG00000241837,Gene Expression,False,518,False,1.5176707456262803,0.22580984208966431,-1.1476269
TTC3,ENSG00000182670,Gene Expression,False,516,False,1.496708288641109,0.5489655675475226,-0.10629765
ETS2,ENSG00000157557,Gene Expression,False,501,True,1.8771131895419617,1.7704904674139494,1.9983345
HMGN1,ENSG00000205581,Gene Expression,False,549,False,1.9548684251646438,0.42651237519037355,-0.8775123
CSTB,ENSG00000160213,Gene Expression,False,507,True,2.2399712282401247,3.4279444525936946,2.0566182
COMT,ENSG00000093010,Gene Expression,False,539,False,1.7590083318187097,0.5833979282371144,-0.5418083
RANBP1,ENSG00000099901,Gene Expression,False,529,True,1.6549158178379246,0.9468527526139796,1.1758444
UBE2L3,ENSG00000185651,Gene Expression,False,531,False,1.5157820685119663,0.18220902467005534,-1.288125
MIF,ENSG00000240972,Gene Expression,False,552,True,2.9695008355404764,2.007545917644563,0.1695955
XBP1,ENSG00000100219,Gene Expression,False,524,True,2.0533467976464443,2.3071702852443563,1.9883568
YWHAH,ENSG00000128245,Gene Expression,False,525,True,1.9098762159471188,1.3990004085801768,1.2034194
MYH9,ENSG00000100345,Gene Expression,False,536,True,2.2175624571877877,1.5933280175649644,0.74171114
EIF3D,ENSG00000100353,Gene Expression,False,536,False,1.718130639482588,0.2752249693901246,-1.2012373
EIF3L,ENSG00000100129,Gene Expression,False,530,False,1.7427630723067666,0.3279997622946808,-1.0883098
MAFF,ENSG00000185022,Gene Expression,False,522,True,2.1683681482566346,1.6653440029315303,0.86747897
CSNK1E,ENSG00000213923,Gene Expression,False,502,True,1.479554043284053,0.6068930256748333,0.08036639
DDX17,ENSG00000100201,Gene Expression,False,548,False,2.1457953701899055,0.6584985742069043,-0.89086396
RPL3,ENSG00000100316,Gene Expression,False,552,True,4.958387923072577,2.758498569735418,0.52472985
ATF4,ENSG00000128272,Gene Expression,False,548,False,2.2810239147815206,1.0442038056012506,-0.84581596
ST13,ENSG00000100380,Gene Expression,False,544,False,2.035477512100553,0.6884223838093623,-0.83860534
RBX1,ENSG00000100387,Gene Expression,False,500,False,1.2343040548623831,0.10860676602716146,-1.3576472
XRCC6,ENSG00000196419,Gene Expression,False,521,False,1.531970692199237,0.21744613426299877,-1.1745778
SNU13,ENSG00000100138,Gene Expression,False,546,False,1.8086905789882222,0.41823373164232236,-0.89522696
SMDT1,ENSG00000183172,Gene Expression,False,530,False,1.5434320285916248,0.3050065527493086,-0.8924253
ARFGAP3,ENSG00000242247,Gene Expression,False,507,False,1.3680784901085281,0.34397750962466633,-0.16366181
TSPO,ENSG00000100300,Gene Expression,False,545,False,2.156874413858393,0.7980434851249113,-0.64716434
PIM3,ENSG00000198355,Gene Expression,False,531,True,1.926073323839659,1.081091480285634,0.5231573
SLC25A6,ENSG00000169100,Gene Expression,False,552,False,2.678760554638253,0.7535341006140609,-0.9725255
TMSB4X,ENSG00000205542,Gene Expression,False,551,True,3.908406795708088,3.974061651709846,1.9798584
EIF1AX,ENSG00000173674,Gene Expression,False,533,False,1.6749537014731626,0.3860453873238868,-0.6312877
SAT1,ENSG00000130066,Gene Expression,False,552,True,4.236244988009222,3.6434231311957523,2.4679737
ATP6AP2,ENSG00000182220,Gene Expression,False,513,False,1.4735113960484978,0.48822186216876684,-0.3020367
DDX3X,ENSG00000215301,Gene Expression,False,541,True,1.9044137976043203,0.9493701107108282,0.24129967
NDUFB11,ENSG00000147123,Gene Expression,False,516,False,1.3699372876110067,0.26787727865357336,-0.549702
UXT,ENSG00000126756,Gene Expression,False,510,False,1.2730002510187144,0.06350409212019066,-1.5864434
RBM3,ENSG00000102317,Gene Expression,False,536,False,1.8339374430744644,0.5330112250971177,-0.64962584
RPS4X,ENSG00000198034,Gene Expression,False,552,False,4.467309823043888,1.9244589514999877,-0.5377728
ATRX,ENSG00000085224,Gene Expression,False,512,True,1.5558498969826475,0.6387717631738405,0.18309167
PGK1,ENSG00000102144,Gene Expression,False,510,True,1.4225857326656186,0.5506852495786835,0.88492227
RPL36A,ENSG00000241343,Gene Expression,False,550,False,2.518152476634709,0.5730350638064027,-1.1785231
MORF4L2,ENSG00000123562,Gene Expression,False,500,True,1.3500813202097177,0.5014529799742974,0.63517755
PGRMC1,ENSG00000101856,Gene Expression,False,506,True,1.5530112183833307,0.9069573689902912,1.0472865
SLC25A5,ENSG00000005022,Gene Expression,False,546,False,2.1811047142598876,1.0025992948807088,-0.28993052
RPL39,ENSG00000198918,Gene Expression,False,552,False,3.124592985684943,0.8678671041409851,-0.9544375
LAMP2,ENSG00000005893,Gene Expression,False,501,True,1.427214264472367,0.6884053062326699,1.5835466
SSR4,ENSG00000180879,Gene Expression,False,552,True,2.287133138289359,2.42921770039987,0.84057206
RPL10,ENSG00000147403,Gene Expression,False,552,False,5.026841486984555,2.363548165457615,-0.53311515
RPS4Y1,ENSG00000129824,Gene Expression,False,549,False,2.6108709842959135,0.5659312403757044,-1.1866305
MT-ND1,ENSG00000198888,Gene Expression,True,552,True,4.207904277743707,2.566576415640227,0.8551282
MT-ND2,ENSG00000198763,Gene Expression,True,552,True,3.891679818377654,2.7240922035895183,0.7526766
MT-CO1,ENSG00000198804,Gene Expression,True,552,True,5.67645225537993,3.721974822283788,1.0
MT-CO2,ENSG00000198712,Gene Expression,True,552,True,5.21686076307926,3.2672972591542804,1.1413345
MT-ATP6,ENSG00000198899,Gene Expression,True,552,False,5.56402912085624,3.500408917933109,-0.70710677
MT-CO3,ENSG00000198938,Gene Expression,True,552,True,5.538567105955144,3.5527070586372913,0.70710677
MT-ND3,ENSG00000198840,Gene Expression,True,552,True,3.822957155103341,2.201588447021368,0.23969842
MT-ND4,ENSG00000198886,Gene Expression,True,552,False,4.6926361792622675,2.842533722895061,-0.020151269
MT-ND5,ENSG00000198786,Gene Expression,True,552,False,3.0625535740834624,1.632541486772154,-0.20967266
MT-CYB,ENSG00000198727,Gene Expression,True,552,False,5.224991264157124,3.1960757167917326,-0.72237927
